,Preference,Rank
BE,0.1397672044667258,4
CZ,-0.04706494940533093,11
FI,0.01961142228819382,7
FR,0.01772083270772204,8
DE,0.2766927343981952,2
HU,-0.23738772053147725,14
IS,0.1308710342569525,5
LV,-0.30148024189833267,15
LU,-0.1516792799381264,12
NL,0.15445815905456817,3
NO,0.39441599071903094,1
PL,-0.3407220426348044,16
SK,-0.19845092757722796,13
SI,-0.0028358153464206892,10
SE,0.1303740936792644,6
UK,0.01570950576106761,9
